{"wingCQu6RdGR+xmTu2W6gQ==":"business-computer-connection-contemporary-450035.jpg","TeQNOZIDutogT6d1+f4ufw==":"dell-motherboard-and-central-processing-unit-1432675.jpg","GkuOkVrWwtlWWf1Gr6WCRg==":"coding-computer-data-depth-of-field-577585.jpg","Be/y1M0uYdGF9QRF+yoARQ==":"2020-04-14-22h10.png","H+NAex+ebXr2fcdCyxk7Hw==":"636613643199062050.png","kEuTuhxiUCCkrjvdEO8eVg==":"636613643199062050-1.png","clkZiMNaY/84JI6p/jXM3g==":"comments_bg.jpg","P4NQOejZHypwlilYg0XBfw==":"man-1205084.jpg","O76p0sEKifM77AFwPfzz7A==":"mbr.jpg","u7U6p4rZAwReOGEKQrJxmg==":"apple-applications-apps-cell-phone-607812.jpeg","1oRpZiV1tGvZElInPZ3TpA==":"mbr-1.jpg","U/dtvIFkolyCtaZi91ZKpA==":"mbr-2.jpg","pa5Dkwo/T1qgW/t0h+fQvA==":"background5.jpg","znEKZa3sk6DgJ+wt1m+aoQ==":"mbr.png","Avfbz3S+PByq9AhKeG5Kjg==":"mbr-3.jpg","10rZiGENzEZKIHD60yb5fg==":"phoxo4.jpg","LR2GtYxF8sFfo5NVWdI1/g==":"businessman-3213659.jpg","oHnOATWdmekX1qvYf0Y2mw==":"apple-applications-apps-cell-phone-607812.jpg","mb26H28JoaLU/etDC4stsw==":"icons8-home-256.png","UuNDAJmbZW/rbBWqnSB3Ag==":"business-computer-connection-contemporary-450035.jpeg","whrJPjmjwhcczO5T5cNy6w==":"0.jpg","wCrx3qQ4WsKTXvR/Ba1UdA==":"0-1.jpg","dj5z8pbelaI3XnH22lAc+g==":"0-2.jpg","O1qGwCneqgR95aeFp19CGA==":"mbr-4.jpg","EpjznT5B/LiWN/2NWWtBUw==":"edt-wallpaper-961fc9689ae918112d2bf846c406c673.jpg","FC1oAd3LgY/sdRw7qKadsg==":"magnificent-landscape-uhd.jpg","hUMky07H8GN8BIBS1UbcLQ==":"business-computer-connection-contemporary-450035.webp","oZa/v3aPfuIEOwNa3UrWTA==":"mbr-5.jpg","NmYpkIZkM7UTzyjHTQmQOQ==":"coding-computer-data-depth-of-field-577585.webp","i8C5j75PHLtk4i3C7312zQ==":"close-up-photography-of-dell-motherboard-1432674.webp","O5z5rLqdoNCwG4v/gvxoOQ==":"apple-applications-apps-cell-phone-607812.webp","o9ngS4EcqQgRK3UVZNIZZA==":"selective-focus-photo-of-green-telephone-955081.webp","4ZZUXG1BOcBvklpHL49PHw==":"adult-books-business-coffee-374016.webp","3no07CCdcmaDX7U7EHyr5Q==":"industry-2633878.jpg","/V6frqbotXQfdWWmBRK6zQ==":"mbr-6.jpg","Rh3obLkbV9rGwKXXrV939Q==":"phoxo2.jpg","MH49sTYYreh+gwmcWOIHhg==":"group-of-people-having-fun-together-under-the-sun-708392.webp","dgUZWxzbriSBtLW0OiQSxg==":"ansha.png","QBXNTPGaQPJXfSg0dzD8zg==":"phoxo1.png","1cdVt0yoHQiA6+cFc6/0vQ==":"mbr-7.jpg","crWz36YXDdrWmwKHKOYYRg==":"mbr-8.jpg","Zehpd/esqEvBf1su9EKOYg==":"suit-869380.webp","aTKpFXE6YIlGs2O3rSYIxA==":"mbr.jpg","32ihPer4lPUWMrhWGVVO7w==":"photo-1586252999747-9c4393922b69.webp","IxoOVw3cnh/IoZ+RfBoSCQ==":"mbr-1.jpg","q0Gpwz0zGw1D/pg6MT/asQ==":"background8.jpg","NV21DKopWVzcjP7y/DL5gw==":"myavatar2.png","motmgzrQ/HyUnG8Ksj9zPg==":"gates.png","fumlp/EHPi9OmZxYaSitRA==":"phoxo1.webp","zIUQJ65Bm+XqHAkK64krHQ==":"0-1.webp","AlGmXaCGUPDz4PVnvwcCpg==":"0-2.webp","EKJ/WnllwXWPFf9NLah06g==":"ansha.webp","Zbo66UhAgWi9Y3WpXOiRLg==":"icons8-home-256.webp","G7v9H/F56STZhJCdAPXShA==":"mbr.webp","8SinXxfWxtLl0bq0pp1Ouw==":"gates.webp","tKB1R/aanQH5gE3LBy7GQw==":"pexels-jshoots-49571.webp","UwjOdZjnTdL7cyBh0JX3sw==":"index-meta.webp","fxbFCCOKjQwVfL6No+p/8g==":"ffg.jpeg","zpbkWFdflu5qelfsryquXQ==":"ffg-1.jpeg","bw+Kwf1BhiKxuyXGXOOUbg==":"phoxo1-1.png","VwRnij6+PUDIpN7vo7CaKQ==":"ffg.jpg","OgBJBOPFFAIfRxRYAoqMAw==":"coding-computer-data-depth-of-field-577586.webp","8WUZgrYG/tVaQOWdgRrp9Q==":"abstract-background-blur-modern-living-room-49683.jpg","1OO3hH+EuTYR4AwPyDdVRg==":"abstract-background-blur-modern-living-room-49683.jpeg","SZ0sVLy1qSgtmNEosOsMXQ==":"abstract-background-blur-modern-living-room-49683.webp","Kr8Zxi2MA4Gj62APdxJ47w==":"phoxo1-1.webp","JPjCG2CebkNgMniguMLhkg==":"860x394.jpg","g4nQq3cbWXG/eX4qzp+t/w==":"pexels-photo-2247181.webp","itNw1/GaQR1kncsoHgXxlA==":"pexels-photo-1327446.webp","T2Lb0sk6Op2lbWI853b+uw==":"vic-edu.png","tY/klPJY+4F5sRIrf7lCIA==":"pexels-photo-340152.jpeg","8YhrDS5MHPItVIkHXQaL0g==":"pexels-mohammad-danish-891059.webp","nd0bB2tkQC7PvcaqkAv1iw==":"pexels-pixabay-159844.webp","WyUVzGD6Mm7p2aduPklDIQ==":"minimalist-desktop-6.webp","iEz2FA7ZusNIlzNMWq807Q==":"free-desktop-download-abstract-minimalist-wallpaper-hd-1.webp","qh42MPxXWakumQEWG0+xqg==":"pexels-christina-morillo-1181271-2000x1335.jpg","ZC7w88W7DZKd5S1t2Ug+Mw==":"pexels-christina-morillo-1181271-2000x1335.jpeg","t8+783VbZuehIhYNBnFnTQ==":"pexels-christina-morillo-1181272-2000x1335.jpeg","FqpUYzhEuQ9XDVnCuHy/kQ==":"pexels-jack-redgate-3049348-2000x1333.jpg","1aGOyqUc0FJhm9KjpMeLBA==":"edu-meta.jpeg","UqIZVdRqRQDY8mz1HcoZsw==":"mbr-2.jpg","n7bLOGJHUdUQYliTwQm6nw==":"mbr-2.jpeg","NIjEd5j6j6ioA6yWZ2ldAg==":"edu-meta.webp","aLfiZOQmV3bueJhTLp6h0Q==":"pexels-christina-morillo-1181272-2000x1335.webp","aFSw9TL2DWHmxRJHmkmT8w==":"lumia-950.webp","36xwvZTB1WOugst05o/Tww==":"mbr-2.webp","WERWfByTD73k1bjHJBA6ZQ==":"skillsbuild-customer-engagement-communication-and-personality-dynamics-300x300.png","lCby2gm7SJlfjduCQ5woxA==":"mbr-1920x1141.jpg","OuJVz0OAkE1QRcF1CtvBGg==":"mbr-1920x1152.jpg","Zerut7G1JraHauqvFLwbbA==":"mbr-1920x1280.jpg","q+30loGt6KXBCTfHR4l1lg==":"mbr-1920x1279.jpg"}